timestamp,user,ip_address,country,status,event_type
2026-06-10 05:33:07,ana,200.100.50.2,Brazil,success,login
2026-06-10 05:41:55,maria,203.0.113.3,Portugal,failed,login
2026-06-10 05:49:17,carlos,200.100.50.17,Brazil,success,login
2026-06-10 05:53:18,carlos,200.100.50.15,Brazil,success,login
2026-06-10 06:06:21,ana,200.100.50.10,Brazil,success,login
2026-06-10 06:07:30,maria,200.100.50.1,Brazil,success,login
2026-06-10 06:07:50,joao,200.100.50.9,Brazil,success,login
2026-06-10 06:12:51,joao,200.100.50.19,Brazil,success,login
2026-06-10 06:20:58,maria,200.100.50.10,Brazil,success,login
2026-06-10 06:23:41,carlos,200.100.50.2,Brazil,success,login
2026-06-10 06:31:05,carlos,203.0.113.1,Portugal,success,login
2026-06-10 06:46:00,ana,200.100.50.1,Brazil,success,login
2026-06-10 06:49:12,ana,200.100.50.5,Brazil,success,login
2026-06-10 06:59:18,maria,200.100.50.17,Brazil,success,login
2026-06-10 07:05:00,ana,200.100.50.16,Brazil,success,login
2026-06-10 07:08:22,ana,200.100.50.5,Brazil,success,login
2026-06-10 07:17:18,ana,200.100.50.19,Brazil,success,login
2026-06-10 07:17:37,ana,200.100.50.11,Brazil,success,login
2026-06-10 07:20:18,maria,203.0.113.1,Portugal,success,login
2026-06-10 07:24:57,carlos,198.51.100.2,United States,success,login
2026-06-10 07:25:34,joao,200.100.50.1,Brazil,success,login
2026-06-10 07:34:28,ana,200.100.50.9,Brazil,success,login
2026-06-10 07:42:32,pedro,203.0.113.4,Portugal,success,login
2026-06-10 07:43:00,maria,200.100.50.1,Brazil,success,login
2026-06-10 08:10:20,ana,200.100.50.19,Brazil,success,login
2026-06-10 08:10:42,carlos,200.100.50.10,Brazil,success,login
2026-06-10 08:11:42,pedro,203.0.113.3,Portugal,success,login
2026-06-10 08:12:25,pedro,198.51.100.7,United States,success,login
2026-06-10 08:12:26,ana,200.100.50.13,Brazil,success,login
2026-06-10 08:15:59,ana,200.100.50.14,Brazil,success,login
2026-06-10 08:17:14,carlos,200.100.50.12,Brazil,success,login
2026-06-10 08:19:58,pedro,200.100.50.6,Brazil,failed,login
2026-06-10 08:34:01,ana,200.100.50.4,Brazil,success,login
2026-06-10 08:34:28,pedro,200.100.50.10,Brazil,success,login
2026-06-10 08:46:30,pedro,200.100.50.9,Brazil,success,login
2026-06-10 08:48:27,maria,200.100.50.18,Brazil,success,login
2026-06-10 09:09:49,maria,198.51.100.9,United States,success,login
2026-06-10 09:10:27,ana,200.100.50.9,Brazil,success,login
2026-06-10 09:18:18,joao,200.100.50.2,Brazil,success,login
2026-06-10 09:19:07,maria,200.100.50.13,Brazil,success,login
2026-06-10 09:24:44,joao,200.100.50.15,Brazil,success,login
2026-06-10 09:27:15,carlos,200.100.50.11,Brazil,success,login
2026-06-10 09:36:01,carlos,198.51.100.7,United States,success,login
2026-06-10 09:38:11,ana,200.100.50.6,Brazil,success,login
2026-06-10 09:41:35,pedro,200.100.50.2,Brazil,success,login
2026-06-10 09:42:46,maria,200.100.50.15,Brazil,success,login
2026-06-10 09:42:48,pedro,198.51.100.2,United States,success,login
2026-06-10 09:47:00,pedro,203.0.113.2,Portugal,success,login
2026-06-10 09:59:16,joao,200.100.50.11,Brazil,success,login
2026-06-10 10:01:36,ana,200.100.50.9,Brazil,success,login
2026-06-10 10:01:38,carlos,200.100.50.11,Brazil,success,login
2026-06-10 10:20:30,carlos,203.0.113.3,Portugal,success,login
2026-06-10 10:22:41,carlos,200.100.50.14,Brazil,success,login
2026-06-10 10:26:16,joao,200.100.50.3,Brazil,success,login
2026-06-10 10:30:28,carlos,200.100.50.9,Brazil,success,login
2026-06-10 10:46:27,joao,200.100.50.6,Brazil,success,login
2026-06-10 10:56:18,maria,203.0.113.3,Portugal,success,login
2026-06-10 11:00:17,pedro,200.100.50.16,Brazil,success,login
2026-06-10 11:02:51,maria,200.100.50.18,Brazil,success,login
2026-06-10 11:05:35,joao,200.100.50.16,Brazil,success,login
2026-06-10 11:09:27,pedro,200.100.50.6,Brazil,success,login
2026-06-10 11:21:31,ana,198.51.100.5,United States,success,login
2026-06-10 11:24:04,joao,200.100.50.3,Brazil,success,login
2026-06-10 11:30:01,ana,200.100.50.13,Brazil,success,login
2026-06-10 11:31:32,ana,200.100.50.1,Brazil,success,login
2026-06-10 11:36:46,pedro,200.100.50.8,Brazil,success,login
2026-06-10 11:41:32,maria,198.51.100.2,United States,success,login
2026-06-10 11:42:52,ana,203.0.113.4,Portugal,success,login
2026-06-10 11:46:58,carlos,203.0.113.1,Portugal,success,login
2026-06-10 11:53:30,joao,200.100.50.18,Brazil,success,login
2026-06-10 12:00:22,carlos,198.51.100.8,United States,success,login
2026-06-10 12:06:16,ana,203.0.113.1,Portugal,success,login
2026-06-10 12:12:54,pedro,203.0.113.4,Portugal,success,login
2026-06-10 12:15:58,ana,198.51.100.4,United States,success,login
2026-06-10 12:21:10,maria,200.100.50.16,Brazil,success,login
2026-06-10 12:27:38,pedro,198.51.100.5,United States,success,login
2026-06-10 12:35:43,ana,200.100.50.5,Brazil,success,login
2026-06-10 12:47:48,carlos,203.0.113.3,Portugal,success,login
2026-06-10 12:51:21,carlos,200.100.50.6,Brazil,success,login
2026-06-10 13:05:37,ana,198.51.100.8,United States,success,login
2026-06-10 13:09:23,pedro,200.100.50.13,Brazil,success,login
2026-06-10 13:22:26,joao,200.100.50.12,Brazil,success,login
2026-06-10 13:23:42,ana,200.100.50.17,Brazil,success,login
2026-06-10 13:24:26,pedro,200.100.50.11,Brazil,success,login
2026-06-10 13:26:32,ana,203.0.113.1,Portugal,success,login
2026-06-10 13:27:08,maria,200.100.50.2,Brazil,success,login
2026-06-10 13:28:29,joao,200.100.50.4,Brazil,success,login
2026-06-10 13:30:53,ana,203.0.113.2,Portugal,success,login
2026-06-10 13:45:25,ana,203.0.113.3,Portugal,success,login
2026-06-10 13:48:37,pedro,203.0.113.4,Portugal,success,login
2026-06-10 13:50:12,ana,200.100.50.5,Brazil,success,login
2026-06-10 14:09:26,pedro,200.100.50.8,Brazil,success,login
2026-06-10 14:11:57,joao,200.100.50.8,Brazil,success,login
2026-06-10 14:14:43,joao,200.100.50.6,Brazil,success,login
2026-06-10 14:18:53,carlos,200.100.50.5,Brazil,success,login
2026-06-10 14:23:34,pedro,203.0.113.4,Portugal,success,login
2026-06-10 14:23:56,maria,200.100.50.12,Brazil,success,login
2026-06-10 14:27:25,joao,200.100.50.8,Brazil,success,login
2026-06-10 14:33:41,carlos,200.100.50.19,Brazil,success,login
2026-06-10 14:41:22,ana,203.0.113.3,Portugal,success,login
2026-06-10 14:44:46,maria,203.0.113.1,Portugal,success,login
2026-06-10 14:46:01,carlos,203.0.113.2,Portugal,success,login
2026-06-10 14:47:37,pedro,203.0.113.4,Portugal,success,login
2026-06-10 14:52:49,maria,200.100.50.16,Brazil,success,login
2026-06-10 14:54:45,ana,200.100.50.10,Brazil,success,login
2026-06-10 15:08:51,pedro,200.100.50.6,Brazil,success,login
2026-06-10 15:11:29,joao,200.100.50.5,Brazil,success,login
2026-06-10 15:18:20,joao,200.100.50.11,Brazil,success,login
2026-06-10 15:20:45,ana,200.100.50.7,Brazil,success,login
2026-06-10 15:32:08,maria,203.0.113.4,Portugal,success,login
2026-06-10 15:34:19,carlos,200.100.50.2,Brazil,success,login
2026-06-10 15:52:03,joao,200.100.50.12,Brazil,success,login
2026-06-10 15:53:31,pedro,198.51.100.9,United States,success,login
2026-06-10 15:56:23,pedro,200.100.50.10,Brazil,success,login
2026-06-10 15:57:54,ana,200.100.50.14,Brazil,success,login
2026-06-10 16:02:14,maria,200.100.50.17,Brazil,success,login
2026-06-10 16:09:37,pedro,198.51.100.1,United States,success,login
2026-06-10 16:20:33,carlos,198.51.100.8,United States,success,login
2026-06-10 16:25:24,maria,203.0.113.4,Portugal,success,login
2026-06-11 05:35:59,joao,200.100.50.17,Brazil,success,login
2026-06-11 05:37:12,joao,200.100.50.6,Brazil,success,login
2026-06-11 05:45:48,ana,198.51.100.3,United States,success,login
2026-06-11 05:50:00,pedro,200.100.50.1,Brazil,success,login
2026-06-11 05:51:51,carlos,198.51.100.3,United States,success,login
2026-06-11 06:03:42,carlos,200.100.50.6,Brazil,success,login
2026-06-11 06:06:45,maria,200.100.50.16,Brazil,success,login
2026-06-11 06:10:27,carlos,200.100.50.12,Brazil,success,login
2026-06-11 06:15:09,pedro,200.100.50.15,Brazil,success,login
2026-06-11 06:18:02,joao,200.100.50.15,Brazil,success,login
2026-06-11 06:18:03,joao,200.100.50.8,Brazil,success,login
2026-06-11 06:23:54,joao,200.100.50.2,Brazil,success,login
2026-06-11 06:28:22,carlos,200.100.50.6,Brazil,success,login
2026-06-11 06:30:44,joao,200.100.50.16,Brazil,success,login
2026-06-11 06:31:50,pedro,203.0.113.4,Portugal,success,login
2026-06-11 06:35:20,carlos,198.51.100.5,United States,success,login
2026-06-11 06:44:19,pedro,200.100.50.16,Brazil,success,login
2026-06-11 06:44:38,joao,200.100.50.19,Brazil,success,login
2026-06-11 06:45:58,pedro,198.51.100.8,United States,success,login
2026-06-11 06:46:28,maria,200.100.50.18,Brazil,success,login
2026-06-11 06:47:25,joao,200.100.50.3,Brazil,success,login
2026-06-11 06:49:13,pedro,200.100.50.1,Brazil,success,login
2026-06-11 06:53:00,ana,203.0.113.3,Portugal,success,login
2026-06-11 06:56:55,ana,198.51.100.2,United States,success,login
2026-06-11 06:59:50,pedro,200.100.50.13,Brazil,success,login
2026-06-11 07:03:44,pedro,200.100.50.18,Brazil,success,login
2026-06-11 07:12:13,joao,200.100.50.15,Brazil,success,login
2026-06-11 07:20:13,joao,200.100.50.6,Brazil,success,login
2026-06-11 07:22:36,ana,200.100.50.1,Brazil,success,login
2026-06-11 07:25:24,joao,200.100.50.13,Brazil,success,login
2026-06-11 07:27:54,maria,200.100.50.9,Brazil,failed,login
2026-06-11 07:46:49,joao,200.100.50.14,Brazil,success,login
2026-06-11 07:52:31,maria,200.100.50.2,Brazil,failed,login
2026-06-11 07:52:59,ana,200.100.50.9,Brazil,success,login
2026-06-11 07:57:30,ana,200.100.50.17,Brazil,success,login
2026-06-11 08:03:04,joao,200.100.50.19,Brazil,success,login
2026-06-11 08:11:02,pedro,203.0.113.4,Portugal,success,login
2026-06-11 08:13:16,maria,200.100.50.12,Brazil,success,login
2026-06-11 08:15:23,carlos,203.0.113.2,Portugal,success,login
2026-06-11 08:24:26,ana,200.100.50.5,Brazil,failed,login
2026-06-11 08:32:28,maria,200.100.50.11,Brazil,success,login
2026-06-11 08:33:28,pedro,198.51.100.6,United States,success,login
2026-06-11 08:34:58,pedro,198.51.100.2,United States,success,login
2026-06-11 08:38:48,ana,200.100.50.19,Brazil,success,login
2026-06-11 08:43:39,maria,198.51.100.6,United States,success,login
2026-06-11 08:50:47,ana,200.100.50.18,Brazil,failed,login
2026-06-11 08:52:35,pedro,200.100.50.17,Brazil,success,login
2026-06-11 09:04:05,pedro,200.100.50.12,Brazil,success,login
2026-06-11 09:05:04,pedro,200.100.50.19,Brazil,success,login
2026-06-11 09:07:10,maria,200.100.50.2,Brazil,success,login
2026-06-11 09:07:19,carlos,203.0.113.4,Portugal,success,login
2026-06-11 09:08:20,carlos,203.0.113.1,Portugal,success,login
2026-06-11 09:18:28,ana,200.100.50.3,Brazil,success,login
2026-06-11 09:21:58,maria,200.100.50.14,Brazil,success,login
2026-06-11 09:22:24,maria,200.100.50.2,Brazil,success,login
2026-06-11 09:23:26,ana,198.51.100.5,United States,success,login
2026-06-11 09:35:48,maria,198.51.100.7,United States,success,login
2026-06-11 09:44:39,joao,200.100.50.18,Brazil,success,login
2026-06-11 09:48:17,pedro,200.100.50.6,Brazil,success,login
2026-06-11 10:06:02,ana,200.100.50.19,Brazil,success,login
2026-06-11 10:14:02,maria,200.100.50.10,Brazil,success,login
2026-06-11 10:24:19,maria,200.100.50.14,Brazil,success,login
2026-06-11 10:27:14,joao,200.100.50.15,Brazil,success,login
2026-06-11 10:35:18,joao,200.100.50.9,Brazil,success,login
2026-06-11 10:43:34,carlos,200.100.50.17,Brazil,success,login
2026-06-11 10:44:29,joao,200.100.50.4,Brazil,success,login
2026-06-11 11:00:31,joao,200.100.50.2,Brazil,success,login
2026-06-11 11:06:22,pedro,198.51.100.8,United States,success,login
2026-06-11 11:07:22,joao,200.100.50.19,Brazil,success,login
2026-06-11 11:11:05,pedro,198.51.100.5,United States,success,login
2026-06-11 11:20:25,carlos,200.100.50.3,Brazil,success,login
2026-06-11 11:23:07,joao,200.100.50.4,Brazil,success,login
2026-06-11 11:23:27,carlos,203.0.113.4,Portugal,success,login
2026-06-11 11:30:06,joao,200.100.50.13,Brazil,success,login
2026-06-11 11:36:17,pedro,200.100.50.15,Brazil,success,login
2026-06-11 11:41:58,pedro,198.51.100.6,United States,success,login
2026-06-11 11:46:02,maria,200.100.50.3,Brazil,success,login
2026-06-11 11:47:50,pedro,198.51.100.6,United States,success,login
2026-06-11 11:53:00,ana,200.100.50.1,Brazil,success,login
2026-06-11 11:53:52,pedro,200.100.50.19,Brazil,success,login
2026-06-11 11:59:42,maria,200.100.50.11,Brazil,success,login
2026-06-11 12:10:33,carlos,200.100.50.6,Brazil,success,login
2026-06-11 12:20:14,maria,203.0.113.1,Portugal,success,login
2026-06-11 12:27:29,pedro,200.100.50.16,Brazil,success,login
2026-06-11 12:31:09,carlos,200.100.50.19,Brazil,success,login
2026-06-11 12:34:21,carlos,200.100.50.15,Brazil,success,login
2026-06-11 12:42:22,pedro,198.51.100.4,United States,success,login
2026-06-11 12:43:00,pedro,200.100.50.3,Brazil,success,login
2026-06-11 12:47:34,ana,203.0.113.3,Portugal,success,login
2026-06-11 12:54:53,maria,200.100.50.3,Brazil,success,login
2026-06-11 13:05:52,pedro,203.0.113.1,Portugal,success,login
2026-06-11 13:11:05,pedro,200.100.50.2,Brazil,success,login
2026-06-11 13:12:35,carlos,200.100.50.13,Brazil,success,login
2026-06-11 13:15:24,carlos,200.100.50.3,Brazil,success,login
2026-06-11 13:17:58,maria,203.0.113.2,Portugal,success,login
2026-06-11 13:21:46,maria,200.100.50.16,Brazil,success,login
2026-06-11 13:39:32,ana,200.100.50.1,Brazil,success,login
2026-06-11 13:49:30,joao,200.100.50.16,Brazil,success,login
2026-06-11 13:51:03,pedro,203.0.113.3,Portugal,success,login
2026-06-11 13:54:58,maria,198.51.100.4,United States,success,login
2026-06-11 13:55:06,ana,200.100.50.18,Brazil,success,login
2026-06-11 14:00:03,maria,200.100.50.11,Brazil,success,login
2026-06-11 14:02:44,joao,200.100.50.16,Brazil,success,login
2026-06-11 14:04:25,ana,200.100.50.12,Brazil,success,login
2026-06-11 14:13:54,joao,200.100.50.2,Brazil,success,login
2026-06-11 14:14:37,carlos,200.100.50.10,Brazil,success,login
2026-06-11 14:17:01,maria,200.100.50.13,Brazil,success,login
2026-06-11 14:18:42,carlos,200.100.50.9,Brazil,success,login
2026-06-11 14:19:44,pedro,203.0.113.3,Portugal,success,login
2026-06-11 14:19:54,joao,200.100.50.16,Brazil,success,login
2026-06-11 14:20:52,maria,200.100.50.8,Brazil,success,login
2026-06-11 14:22:26,pedro,200.100.50.7,Brazil,success,login
2026-06-11 14:26:21,joao,200.100.50.4,Brazil,failed,login
2026-06-11 14:28:48,joao,200.100.50.7,Brazil,success,login
2026-06-11 14:58:58,carlos,203.0.113.3,Portugal,success,login
2026-06-11 15:01:35,ana,200.100.50.15,Brazil,success,login
2026-06-11 15:07:55,maria,203.0.113.3,Portugal,success,login
2026-06-11 15:09:30,pedro,200.100.50.4,Brazil,success,login
2026-06-11 15:14:25,carlos,200.100.50.15,Brazil,success,login
2026-06-11 15:21:08,carlos,203.0.113.2,Portugal,success,login
2026-06-11 15:24:02,maria,200.100.50.6,Brazil,success,login
2026-06-11 15:34:57,maria,203.0.113.1,Portugal,success,login
2026-06-11 15:42:37,ana,200.100.50.15,Brazil,failed,login
2026-06-11 15:43:58,carlos,198.51.100.5,United States,success,login
2026-06-11 15:47:31,ana,200.100.50.11,Brazil,success,login
2026-06-11 15:47:59,carlos,200.100.50.6,Brazil,success,login
2026-06-11 15:52:36,joao,200.100.50.5,Brazil,failed,login
2026-06-11 15:55:50,carlos,203.0.113.1,Portugal,success,login
2026-06-11 16:01:16,ana,198.51.100.3,United States,success,login
2026-06-11 16:08:35,maria,198.51.100.6,United States,success,login
2026-06-11 16:16:17,carlos,200.100.50.10,Brazil,success,login
2026-06-11 16:17:01,joao,200.100.50.12,Brazil,success,login
2026-06-11 16:18:58,carlos,198.51.100.7,United States,success,login
2026-06-11 16:23:06,carlos,200.100.50.5,Brazil,success,login
2026-06-11 16:27:21,maria,200.100.50.4,Brazil,success,login
2026-06-11 16:28:27,pedro,200.100.50.13,Brazil,success,login
2026-06-11 16:28:39,carlos,198.51.100.2,United States,success,login
2026-06-12 05:33:27,ana,200.100.50.17,Brazil,success,login
2026-06-12 05:34:36,carlos,200.100.50.5,Brazil,success,login
2026-06-12 05:41:17,maria,198.51.100.9,United States,success,login
2026-06-12 05:42:24,carlos,198.51.100.4,United States,success,login
2026-06-12 05:42:36,joao,200.100.50.18,Brazil,success,login
2026-06-12 05:47:38,pedro,200.100.50.15,Brazil,success,login
2026-06-12 05:49:24,ana,200.100.50.4,Brazil,success,login
2026-06-12 05:57:05,maria,203.0.113.4,Portugal,success,login
2026-06-12 05:59:51,carlos,200.100.50.11,Brazil,success,login
2026-06-12 06:00:53,carlos,200.100.50.13,Brazil,success,login
2026-06-12 06:12:17,maria,200.100.50.14,Brazil,success,login
2026-06-12 06:25:16,carlos,198.51.100.6,United States,success,login
2026-06-12 06:47:35,carlos,203.0.113.4,Portugal,success,login
2026-06-12 06:50:25,maria,198.51.100.8,United States,success,login
2026-06-12 06:55:25,ana,200.100.50.5,Brazil,success,login
2026-06-12 06:55:28,joao,200.100.50.12,Brazil,success,login
2026-06-12 07:01:36,maria,200.100.50.13,Brazil,success,login
2026-06-12 07:03:33,maria,200.100.50.4,Brazil,success,login
2026-06-12 07:03:55,joao,200.100.50.6,Brazil,success,login
2026-06-12 07:07:32,joao,200.100.50.15,Brazil,failed,login
2026-06-12 07:13:54,carlos,200.100.50.8,Brazil,success,login
2026-06-12 07:14:25,ana,203.0.113.1,Portugal,success,login
2026-06-12 07:15:41,maria,200.100.50.17,Brazil,success,login
2026-06-12 07:27:01,pedro,200.100.50.6,Brazil,success,login
2026-06-12 07:32:48,joao,200.100.50.16,Brazil,success,login
2026-06-12 07:33:52,ana,200.100.50.7,Brazil,success,login
2026-06-12 07:46:23,maria,203.0.113.3,Portugal,success,login
2026-06-12 07:53:56,carlos,200.100.50.19,Brazil,success,login
2026-06-12 07:56:12,carlos,200.100.50.1,Brazil,success,login
2026-06-12 07:58:48,pedro,200.100.50.15,Brazil,success,login
2026-06-12 08:03:23,joao,200.100.50.4,Brazil,success,login
2026-06-12 08:05:04,carlos,200.100.50.3,Brazil,success,login
2026-06-12 08:12:41,carlos,200.100.50.6,Brazil,success,login
2026-06-12 08:14:32,pedro,200.100.50.15,Brazil,success,login
2026-06-12 08:19:02,maria,200.100.50.4,Brazil,failed,login
2026-06-12 08:20:04,carlos,200.100.50.17,Brazil,success,login
2026-06-12 08:26:45,pedro,200.100.50.12,Brazil,success,login
2026-06-12 08:33:16,joao,200.100.50.13,Brazil,success,login
2026-06-12 08:36:55,maria,200.100.50.6,Brazil,success,login
2026-06-12 08:41:26,joao,200.100.50.3,Brazil,success,login
2026-06-12 08:45:50,carlos,200.100.50.11,Brazil,success,login
2026-06-12 08:48:21,maria,200.100.50.10,Brazil,success,login
2026-06-12 08:54:21,carlos,200.100.50.13,Brazil,success,login
2026-06-12 08:54:51,pedro,200.100.50.1,Brazil,success,login
2026-06-12 08:57:05,carlos,200.100.50.18,Brazil,success,login
2026-06-12 08:59:37,ana,203.0.113.1,Portugal,success,login
2026-06-12 08:59:53,pedro,203.0.113.4,Portugal,success,login
2026-06-12 09:09:37,pedro,200.100.50.7,Brazil,success,login
2026-06-12 09:13:31,pedro,200.100.50.9,Brazil,success,login
2026-06-12 09:15:56,carlos,198.51.100.1,United States,success,login
2026-06-12 09:20:27,joao,200.100.50.12,Brazil,success,login
2026-06-12 09:23:20,maria,198.51.100.5,United States,success,login
2026-06-12 09:27:21,joao,200.100.50.18,Brazil,success,login
2026-06-12 09:32:06,joao,200.100.50.4,Brazil,success,login
2026-06-12 09:38:57,ana,200.100.50.2,Brazil,success,login
2026-06-12 09:39:25,pedro,200.100.50.9,Brazil,failed,login
2026-06-12 09:39:26,carlos,198.51.100.9,United States,success,login
2026-06-12 09:41:47,ana,198.51.100.4,United States,failed,login
2026-06-12 09:50:22,ana,203.0.113.4,Portugal,success,login
2026-06-12 09:54:12,ana,200.100.50.10,Brazil,failed,login
2026-06-12 09:56:07,maria,200.100.50.5,Brazil,success,login
2026-06-12 10:05:54,maria,200.100.50.16,Brazil,success,login
2026-06-12 10:17:47,pedro,200.100.50.12,Brazil,success,login
2026-06-12 10:23:08,carlos,200.100.50.3,Brazil,success,login
2026-06-12 10:29:07,pedro,200.100.50.6,Brazil,success,login
2026-06-12 10:31:53,carlos,200.100.50.19,Brazil,success,login
2026-06-12 10:39:54,ana,200.100.50.19,Brazil,success,login
2026-06-12 10:41:39,pedro,203.0.113.1,Portugal,success,login
2026-06-12 10:47:23,pedro,200.100.50.4,Brazil,success,login
2026-06-12 10:52:29,carlos,200.100.50.2,Brazil,success,login
2026-06-12 10:57:07,ana,203.0.113.1,Portugal,success,login
2026-06-12 10:57:27,pedro,200.100.50.4,Brazil,success,login
2026-06-12 11:00:17,pedro,198.51.100.1,United States,success,login
2026-06-12 11:04:43,maria,200.100.50.9,Brazil,success,login
2026-06-12 11:05:40,joao,200.100.50.3,Brazil,success,login
2026-06-12 11:06:22,joao,200.100.50.15,Brazil,success,login
2026-06-12 11:16:54,ana,200.100.50.16,Brazil,success,login
2026-06-12 11:17:15,pedro,198.51.100.9,United States,success,login
2026-06-12 11:19:11,pedro,200.100.50.13,Brazil,success,login
2026-06-12 11:22:13,joao,200.100.50.17,Brazil,success,login
2026-06-12 11:28:59,ana,200.100.50.14,Brazil,failed,login
2026-06-12 11:31:10,maria,200.100.50.10,Brazil,success,login
2026-06-12 11:31:25,pedro,200.100.50.19,Brazil,success,login
2026-06-12 11:39:34,pedro,198.51.100.9,United States,success,login
2026-06-12 11:54:36,joao,200.100.50.18,Brazil,success,login
2026-06-12 12:03:23,joao,200.100.50.6,Brazil,success,login
2026-06-12 12:07:52,maria,200.100.50.9,Brazil,success,login
2026-06-12 12:15:01,maria,203.0.113.3,Portugal,success,login
2026-06-12 12:15:17,pedro,203.0.113.4,Portugal,success,login
2026-06-12 12:16:44,pedro,200.100.50.19,Brazil,failed,login
2026-06-12 12:16:52,ana,200.100.50.11,Brazil,success,login
2026-06-12 12:27:26,joao,200.100.50.18,Brazil,success,login
2026-06-12 12:29:32,maria,200.100.50.3,Brazil,success,login
2026-06-12 12:33:51,carlos,200.100.50.5,Brazil,success,login
2026-06-12 12:37:13,ana,203.0.113.4,Portugal,success,login
2026-06-12 12:50:15,maria,200.100.50.3,Brazil,success,login
2026-06-12 12:50:50,ana,200.100.50.4,Brazil,failed,login
2026-06-12 12:51:16,maria,198.51.100.5,United States,success,login
2026-06-12 12:52:55,maria,200.100.50.4,Brazil,failed,login
2026-06-12 12:59:35,joao,200.100.50.17,Brazil,success,login
2026-06-12 13:00:35,carlos,200.100.50.17,Brazil,success,login
2026-06-12 13:11:01,carlos,200.100.50.3,Brazil,success,login
2026-06-12 13:16:27,carlos,200.100.50.13,Brazil,success,login
2026-06-12 13:24:30,carlos,200.100.50.14,Brazil,success,login
2026-06-12 13:24:56,ana,200.100.50.19,Brazil,success,login
2026-06-12 13:27:10,ana,198.51.100.7,United States,success,login
2026-06-12 13:28:10,ana,200.100.50.16,Brazil,success,login
2026-06-12 13:30:08,carlos,198.51.100.6,United States,success,login
2026-06-12 13:30:31,maria,198.51.100.5,United States,success,login
2026-06-12 13:40:03,joao,200.100.50.7,Brazil,success,login
2026-06-12 13:47:28,carlos,200.100.50.8,Brazil,success,login
2026-06-12 13:53:47,ana,200.100.50.6,Brazil,success,login
2026-06-12 13:55:39,maria,200.100.50.5,Brazil,success,login
2026-06-12 14:15:52,ana,200.100.50.18,Brazil,success,login
2026-06-12 14:32:45,joao,200.100.50.19,Brazil,success,login
2026-06-12 14:39:19,joao,200.100.50.13,Brazil,success,login
2026-06-12 14:42:55,carlos,200.100.50.18,Brazil,success,login
2026-06-12 14:49:30,pedro,200.100.50.13,Brazil,success,login
2026-06-12 14:53:05,ana,200.100.50.18,Brazil,success,login
2026-06-12 14:53:20,joao,200.100.50.18,Brazil,success,login
2026-06-12 15:01:31,joao,200.100.50.4,Brazil,success,login
2026-06-12 15:02:30,ana,200.100.50.8,Brazil,success,login
2026-06-12 15:12:19,ana,203.0.113.1,Portugal,success,login
2026-06-12 15:15:23,carlos,200.100.50.12,Brazil,success,login
2026-06-12 15:17:29,pedro,198.51.100.9,United States,failed,login
2026-06-12 15:18:34,joao,200.100.50.5,Brazil,failed,login
2026-06-12 15:40:44,maria,200.100.50.3,Brazil,success,login
2026-06-12 15:51:41,pedro,200.100.50.10,Brazil,success,login
2026-06-12 16:00:45,joao,200.100.50.14,Brazil,success,login
2026-06-12 16:10:46,maria,200.100.50.4,Brazil,success,login
2026-06-12 16:11:40,maria,198.51.100.8,United States,success,login
2026-06-12 16:18:38,ana,200.100.50.18,Brazil,success,login
2026-06-12 16:27:59,pedro,200.100.50.7,Brazil,success,login
2026-06-13 00:45:46,joao,82.76.12.45,Romania,failed,login
2026-06-13 00:45:51,joao,82.76.12.45,Romania,failed,login
2026-06-13 00:45:56,joao,82.76.12.45,Romania,failed,login
2026-06-13 00:46:01,joao,82.76.12.45,Romania,failed,login
2026-06-13 00:46:06,joao,82.76.12.45,Romania,failed,login
2026-06-13 00:46:11,joao,82.76.12.45,Romania,failed,login
2026-06-13 00:46:16,joao,82.76.12.45,Romania,failed,login
2026-06-13 00:46:21,joao,82.76.12.45,Romania,failed,login
2026-06-13 00:46:26,joao,82.76.12.45,Romania,failed,login
2026-06-13 00:46:31,joao,82.76.12.45,Romania,failed,login
2026-06-13 00:46:36,joao,82.76.12.45,Romania,failed,login
2026-06-13 00:46:41,joao,82.76.12.45,Romania,failed,login
2026-06-13 00:46:46,joao,82.76.12.45,Romania,failed,login
2026-06-13 00:46:51,joao,82.76.12.45,Romania,failed,login
2026-06-13 00:46:56,joao,82.76.12.45,Romania,failed,login
2026-06-13 00:47:01,joao,82.76.12.45,Romania,failed,login
2026-06-13 00:47:06,joao,82.76.12.45,Romania,failed,login
2026-06-13 00:47:11,joao,82.76.12.45,Romania,failed,login
2026-06-13 00:47:16,joao,82.76.12.45,Romania,failed,login
2026-06-13 00:47:21,joao,82.76.12.45,Romania,failed,login
2026-06-13 00:47:26,joao,82.76.12.45,Romania,failed,login
2026-06-13 00:47:31,joao,82.76.12.45,Romania,failed,login
2026-06-13 00:47:36,joao,82.76.12.45,Romania,failed,login
2026-06-13 00:47:41,joao,82.76.12.45,Romania,failed,login
2026-06-13 00:47:46,joao,82.76.12.45,Romania,failed,login
2026-06-13 00:47:51,joao,82.76.12.45,Romania,failed,login
2026-06-13 00:47:56,joao,82.76.12.45,Romania,failed,login
2026-06-13 00:48:01,joao,82.76.12.45,Romania,failed,login
2026-06-13 00:48:06,joao,82.76.12.45,Romania,failed,login
2026-06-13 00:48:11,joao,82.76.12.45,Romania,failed,login
2026-06-13 00:48:16,joao,82.76.12.45,Romania,failed,login
2026-06-13 00:48:21,joao,82.76.12.45,Romania,failed,login
2026-06-13 00:48:26,joao,82.76.12.45,Romania,failed,login
2026-06-13 00:48:31,joao,82.76.12.45,Romania,failed,login
2026-06-13 00:48:36,joao,82.76.12.45,Romania,failed,login
2026-06-13 00:48:41,joao,82.76.12.45,Romania,failed,login
2026-06-13 00:48:46,joao,82.76.12.45,Romania,failed,login
2026-06-13 00:48:51,joao,82.76.12.45,Romania,failed,login
2026-06-13 00:48:56,joao,82.76.12.45,Romania,failed,login
2026-06-13 00:49:01,joao,82.76.12.45,Romania,failed,login
2026-06-13 00:49:06,joao,82.76.12.45,Romania,failed,login
2026-06-13 00:49:11,joao,82.76.12.45,Romania,failed,login
2026-06-13 00:49:16,joao,82.76.12.45,Romania,failed,login
2026-06-13 00:49:21,joao,82.76.12.45,Romania,failed,login
2026-06-13 00:49:26,joao,82.76.12.45,Romania,failed,login
2026-06-13 00:49:31,joao,82.76.12.45,Romania,failed,login
2026-06-13 00:49:36,joao,82.76.12.45,Romania,failed,login
2026-06-13 00:49:41,joao,82.76.12.45,Romania,failed,login
2026-06-13 00:49:46,joao,82.76.12.45,Romania,failed,login
2026-06-13 00:49:56,joao,82.76.12.45,Romania,success,login
2026-06-13 05:37:24,pedro,200.100.50.11,Brazil,success,login
2026-06-13 05:41:14,joao,200.100.50.16,Brazil,success,login
2026-06-13 05:45:48,maria,200.100.50.12,Brazil,success,login
2026-06-13 05:48:35,maria,200.100.50.18,Brazil,success,login
2026-06-13 05:53:38,carlos,200.100.50.18,Brazil,success,login
2026-06-13 05:55:50,carlos,200.100.50.10,Brazil,success,login
2026-06-13 05:56:40,maria,198.51.100.9,United States,success,login
2026-06-13 06:01:40,joao,200.100.50.14,Brazil,success,login
2026-06-13 06:05:21,joao,200.100.50.1,Brazil,failed,login
2026-06-13 06:09:06,carlos,200.100.50.4,Brazil,success,login
2026-06-13 06:15:19,pedro,200.100.50.16,Brazil,success,login
2026-06-13 06:19:06,maria,200.100.50.10,Brazil,success,login
2026-06-13 06:38:28,carlos,200.100.50.12,Brazil,success,login
2026-06-13 06:39:46,maria,200.100.50.11,Brazil,success,login
2026-06-13 06:40:46,carlos,200.100.50.16,Brazil,success,login
2026-06-13 06:43:56,pedro,200.100.50.4,Brazil,success,login
2026-06-13 06:46:26,maria,200.100.50.1,Brazil,success,login
2026-06-13 06:53:45,pedro,203.0.113.3,Portugal,success,login
2026-06-13 06:55:03,maria,203.0.113.3,Portugal,success,login
2026-06-13 06:55:21,joao,200.100.50.18,Brazil,success,login
2026-06-13 07:04:44,ana,200.100.50.5,Brazil,success,login
2026-06-13 07:08:32,maria,200.100.50.14,Brazil,success,login
2026-06-13 07:12:20,pedro,200.100.50.12,Brazil,success,login
2026-06-13 07:13:08,joao,200.100.50.8,Brazil,success,login
2026-06-13 07:13:26,joao,200.100.50.12,Brazil,success,login
2026-06-13 07:14:00,pedro,200.100.50.18,Brazil,success,login
2026-06-13 07:22:55,joao,200.100.50.14,Brazil,success,login
2026-06-13 07:27:12,ana,200.100.50.3,Brazil,success,login
2026-06-13 07:35:34,ana,200.100.50.8,Brazil,success,login
2026-06-13 07:43:38,maria,200.100.50.3,Brazil,success,login
2026-06-13 07:46:19,ana,198.51.100.3,United States,success,login
2026-06-13 07:50:33,maria,200.100.50.9,Brazil,success,login
2026-06-13 07:52:21,carlos,200.100.50.8,Brazil,success,login
2026-06-13 07:53:04,carlos,198.51.100.1,United States,success,login
2026-06-13 07:57:17,maria,200.100.50.13,Brazil,success,login
2026-06-13 07:58:50,pedro,200.100.50.10,Brazil,success,login
2026-06-13 08:00:55,maria,203.0.113.3,Portugal,success,login
2026-06-13 08:08:24,carlos,203.0.113.4,Portugal,success,login
2026-06-13 08:11:28,maria,200.100.50.1,Brazil,success,login
2026-06-13 08:12:55,joao,200.100.50.18,Brazil,success,login
2026-06-13 08:14:45,pedro,200.100.50.3,Brazil,success,login
2026-06-13 08:19:31,ana,200.100.50.1,Brazil,success,login
2026-06-13 08:20:26,joao,200.100.50.15,Brazil,success,login
2026-06-13 08:32:19,carlos,200.100.50.11,Brazil,success,login
2026-06-13 08:34:33,pedro,200.100.50.12,Brazil,failed,login
2026-06-13 08:39:46,carlos,200.100.50.8,Brazil,success,login
2026-06-13 08:43:38,ana,200.100.50.10,Brazil,success,login
2026-06-13 08:51:17,joao,200.100.50.11,Brazil,success,login
2026-06-13 08:55:12,carlos,200.100.50.6,Brazil,success,login
2026-06-13 08:55:40,pedro,200.100.50.8,Brazil,success,login
2026-06-13 09:05:56,carlos,200.100.50.3,Brazil,success,login
2026-06-13 09:09:18,maria,198.51.100.1,United States,failed,login
2026-06-13 09:12:28,carlos,200.100.50.12,Brazil,success,login
2026-06-13 09:16:30,carlos,200.100.50.13,Brazil,success,login
2026-06-13 09:20:19,carlos,200.100.50.15,Brazil,success,login
2026-06-13 09:22:25,joao,200.100.50.14,Brazil,failed,login
2026-06-13 09:36:22,pedro,198.51.100.4,United States,success,login
2026-06-13 09:42:23,ana,203.0.113.4,Portugal,success,login
2026-06-13 09:48:39,pedro,203.0.113.1,Portugal,success,login
2026-06-13 09:52:17,carlos,203.0.113.2,Portugal,failed,login
2026-06-13 09:54:18,pedro,200.100.50.4,Brazil,success,login
2026-06-13 09:57:10,maria,203.0.113.4,Portugal,success,login
2026-06-13 10:05:15,joao,200.100.50.19,Brazil,success,login
2026-06-13 10:05:30,carlos,200.100.50.19,Brazil,success,login
2026-06-13 10:15:44,carlos,200.100.50.4,Brazil,success,login
2026-06-13 10:19:38,pedro,203.0.113.4,Portugal,success,login
2026-06-13 10:19:39,ana,200.100.50.3,Brazil,success,login
2026-06-13 10:21:11,joao,200.100.50.16,Brazil,success,login
2026-06-13 10:22:36,maria,200.100.50.12,Brazil,success,login
2026-06-13 10:27:40,carlos,200.100.50.17,Brazil,success,login
2026-06-13 10:29:08,carlos,198.51.100.4,United States,success,login
2026-06-13 10:36:36,carlos,200.100.50.9,Brazil,success,login
2026-06-13 10:37:34,maria,200.100.50.19,Brazil,success,login
2026-06-13 10:37:48,joao,200.100.50.2,Brazil,success,login
2026-06-13 10:53:43,maria,198.51.100.5,United States,success,login
2026-06-13 11:02:24,maria,200.100.50.16,Brazil,success,login
2026-06-13 11:20:04,carlos,200.100.50.18,Brazil,success,login
2026-06-13 11:24:25,ana,200.100.50.15,Brazil,success,login
2026-06-13 11:27:38,pedro,200.100.50.4,Brazil,success,login
2026-06-13 11:28:10,ana,200.100.50.13,Brazil,success,login
2026-06-13 11:30:37,pedro,203.0.113.3,Portugal,success,login
2026-06-13 11:31:04,pedro,200.100.50.3,Brazil,success,login
2026-06-13 11:46:28,ana,203.0.113.2,Portugal,success,login
2026-06-13 11:50:59,pedro,200.100.50.11,Brazil,success,login
2026-06-13 11:53:28,pedro,200.100.50.19,Brazil,success,login
2026-06-13 11:57:57,carlos,203.0.113.2,Portugal,success,login
2026-06-13 11:58:16,ana,200.100.50.2,Brazil,success,login
2026-06-13 12:07:43,pedro,200.100.50.11,Brazil,success,login
2026-06-13 12:09:57,carlos,198.51.100.7,United States,success,login
2026-06-13 12:10:29,maria,200.100.50.3,Brazil,success,login
2026-06-13 12:21:26,maria,203.0.113.3,Portugal,success,login
2026-06-13 12:23:32,carlos,200.100.50.1,Brazil,success,login
2026-06-13 12:26:25,pedro,200.100.50.6,Brazil,success,login
2026-06-13 12:31:51,pedro,198.51.100.8,United States,success,login
2026-06-13 12:33:04,joao,200.100.50.6,Brazil,success,login
2026-06-13 12:38:03,maria,200.100.50.5,Brazil,success,login
2026-06-13 12:49:02,maria,200.100.50.4,Brazil,success,login
2026-06-13 12:50:53,ana,203.0.113.1,Portugal,success,login
2026-06-13 12:59:46,maria,200.100.50.5,Brazil,success,login
2026-06-13 13:00:06,maria,200.100.50.18,Brazil,success,login
2026-06-13 13:05:36,pedro,200.100.50.19,Brazil,success,login
2026-06-13 13:08:13,maria,200.100.50.7,Brazil,success,login
2026-06-13 13:09:55,carlos,200.100.50.8,Brazil,success,login
2026-06-13 13:12:31,maria,200.100.50.1,Brazil,success,login
2026-06-13 13:15:47,carlos,203.0.113.2,Portugal,success,login
2026-06-13 13:36:00,carlos,200.100.50.13,Brazil,success,login
2026-06-13 13:37:29,joao,200.100.50.12,Brazil,success,login
2026-06-13 13:38:58,pedro,203.0.113.4,Portugal,success,login
2026-06-13 13:39:10,maria,200.100.50.18,Brazil,success,login
2026-06-13 13:43:17,ana,203.0.113.2,Portugal,success,login
2026-06-13 13:43:33,carlos,200.100.50.2,Brazil,success,login
2026-06-13 13:49:57,ana,200.100.50.3,Brazil,success,login
2026-06-13 13:51:30,ana,200.100.50.5,Brazil,success,login
2026-06-13 13:53:58,joao,200.100.50.18,Brazil,success,login
2026-06-13 13:57:35,ana,198.51.100.2,United States,success,login
2026-06-13 14:09:56,ana,198.51.100.7,United States,failed,login
2026-06-13 14:12:59,joao,200.100.50.13,Brazil,success,login
2026-06-13 14:17:26,ana,200.100.50.6,Brazil,success,login
2026-06-13 14:18:21,maria,203.0.113.1,Portugal,success,login
2026-06-13 14:21:21,ana,200.100.50.12,Brazil,success,login
2026-06-13 14:28:07,ana,200.100.50.2,Brazil,success,login
2026-06-13 14:36:57,maria,198.51.100.1,United States,success,login
2026-06-13 14:39:24,pedro,200.100.50.6,Brazil,success,login
2026-06-13 14:49:16,joao,200.100.50.15,Brazil,success,login
2026-06-13 14:55:25,pedro,198.51.100.2,United States,success,login
2026-06-13 15:05:55,pedro,200.100.50.2,Brazil,success,login
2026-06-13 15:06:39,ana,200.100.50.2,Brazil,success,login
2026-06-13 15:07:05,maria,198.51.100.1,United States,success,login
2026-06-13 15:08:28,pedro,200.100.50.15,Brazil,success,login
2026-06-13 15:09:50,carlos,200.100.50.17,Brazil,success,login
2026-06-13 15:09:58,ana,200.100.50.5,Brazil,success,login
2026-06-13 15:17:07,ana,200.100.50.10,Brazil,success,login
2026-06-13 15:18:38,joao,200.100.50.11,Brazil,success,login
2026-06-13 15:28:00,carlos,200.100.50.9,Brazil,success,login
2026-06-13 15:35:14,pedro,203.0.113.3,Portugal,success,login
2026-06-13 15:35:17,carlos,198.51.100.6,United States,success,login
2026-06-13 15:35:58,carlos,200.100.50.14,Brazil,success,login
2026-06-13 15:36:03,joao,200.100.50.14,Brazil,success,login
2026-06-13 15:39:47,joao,200.100.50.11,Brazil,failed,login
2026-06-13 15:40:33,ana,200.100.50.12,Brazil,success,login
2026-06-13 15:44:18,ana,203.0.113.2,Portugal,success,login
2026-06-13 15:48:13,pedro,200.100.50.15,Brazil,success,login
2026-06-13 15:52:07,joao,200.100.50.19,Brazil,success,login
2026-06-13 15:53:40,carlos,198.51.100.5,United States,success,login
2026-06-13 15:57:10,pedro,200.100.50.3,Brazil,success,login
2026-06-13 16:00:25,joao,200.100.50.9,Brazil,success,login
2026-06-13 16:01:15,carlos,200.100.50.3,Brazil,success,login
2026-06-13 16:05:10,carlos,200.100.50.5,Brazil,success,login
2026-06-13 16:13:19,maria,203.0.113.2,Portugal,success,login
2026-06-13 16:14:00,carlos,200.100.50.19,Brazil,success,login
2026-06-13 16:15:28,pedro,200.100.50.3,Brazil,success,login
2026-06-13 16:17:20,ana,198.51.100.7,United States,success,login
2026-06-13 16:25:20,pedro,200.100.50.16,Brazil,success,login
2026-06-14 05:31:05,pedro,198.51.100.2,United States,success,login
2026-06-14 05:31:31,carlos,200.100.50.4,Brazil,success,login
2026-06-14 05:36:08,joao,200.100.50.3,Brazil,success,login
2026-06-14 05:40:40,maria,203.0.113.4,Portugal,failed,login
2026-06-14 05:41:40,ana,200.100.50.8,Brazil,success,login
2026-06-14 05:45:11,pedro,200.100.50.1,Brazil,success,login
2026-06-14 05:51:20,carlos,200.100.50.11,Brazil,success,login
2026-06-14 06:03:00,pedro,203.0.113.4,Portugal,success,login
2026-06-14 06:08:21,carlos,200.100.50.4,Brazil,success,login
2026-06-14 06:10:25,maria,200.100.50.10,Brazil,success,login
2026-06-14 06:15:54,ana,200.100.50.18,Brazil,success,login
2026-06-14 06:17:37,pedro,200.100.50.3,Brazil,success,login
2026-06-14 06:22:16,pedro,200.100.50.19,Brazil,success,login
2026-06-14 06:25:34,carlos,200.100.50.18,Brazil,success,login
2026-06-14 06:31:25,pedro,198.51.100.2,United States,success,login
2026-06-14 06:34:27,carlos,200.100.50.3,Brazil,success,login
2026-06-14 06:34:39,carlos,198.51.100.4,United States,success,login
2026-06-14 06:44:14,pedro,200.100.50.16,Brazil,success,login
2026-06-14 06:47:27,pedro,200.100.50.15,Brazil,success,login
2026-06-14 06:50:05,pedro,198.51.100.6,United States,success,login
2026-06-14 06:51:52,pedro,203.0.113.4,Portugal,success,login
2026-06-14 06:55:43,carlos,200.100.50.9,Brazil,failed,login
2026-06-14 06:57:28,carlos,198.51.100.9,United States,success,login
2026-06-14 07:04:14,carlos,203.0.113.3,Portugal,success,login
2026-06-14 07:05:50,carlos,200.100.50.11,Brazil,success,login
2026-06-14 07:14:09,pedro,203.0.113.3,Portugal,success,login
2026-06-14 07:19:03,pedro,200.100.50.14,Brazil,success,login
2026-06-14 07:19:33,carlos,200.100.50.3,Brazil,success,login
2026-06-14 07:24:34,maria,200.100.50.19,Brazil,success,login
2026-06-14 07:28:51,joao,200.100.50.10,Brazil,success,login
2026-06-14 07:28:52,maria,200.100.50.8,Brazil,success,login
2026-06-14 07:32:02,maria,198.51.100.7,United States,success,login
2026-06-14 07:39:10,ana,203.0.113.2,Portugal,success,login
2026-06-14 07:39:32,pedro,200.100.50.6,Brazil,success,login
2026-06-14 07:50:06,carlos,203.0.113.2,Portugal,success,login
2026-06-14 07:51:40,maria,200.100.50.4,Brazil,success,login
2026-06-14 07:51:45,carlos,200.100.50.6,Brazil,success,login
2026-06-14 07:51:51,carlos,203.0.113.2,Portugal,success,login
2026-06-14 07:58:14,joao,200.100.50.18,Brazil,success,login
2026-06-14 08:06:11,maria,200.100.50.6,Brazil,success,login
2026-06-14 08:08:00,joao,200.100.50.15,Brazil,failed,login
2026-06-14 08:17:32,joao,200.100.50.9,Brazil,success,login
2026-06-14 08:26:43,maria,200.100.50.12,Brazil,success,login
2026-06-14 08:34:01,pedro,200.100.50.3,Brazil,success,login
2026-06-14 08:36:48,ana,203.0.113.4,Portugal,success,login
2026-06-14 08:44:20,carlos,200.100.50.18,Brazil,success,login
2026-06-14 08:48:16,pedro,200.100.50.12,Brazil,success,login
2026-06-14 08:53:51,pedro,200.100.50.13,Brazil,success,login
2026-06-14 08:58:30,joao,200.100.50.13,Brazil,success,login
2026-06-14 09:00:09,carlos,200.100.50.7,Brazil,success,login
2026-06-14 09:11:37,carlos,200.100.50.13,Brazil,success,login
2026-06-14 09:16:47,maria,198.51.100.3,United States,success,login
2026-06-14 09:19:25,pedro,200.100.50.18,Brazil,success,login
2026-06-14 09:23:47,maria,200.100.50.8,Brazil,success,login
2026-06-14 09:28:48,carlos,200.100.50.18,Brazil,success,login
2026-06-14 09:31:31,maria,200.100.50.9,Brazil,failed,login
2026-06-14 09:34:59,joao,200.100.50.4,Brazil,success,login
2026-06-14 09:39:15,carlos,198.51.100.2,United States,success,login
2026-06-14 09:52:03,pedro,203.0.113.3,Portugal,success,login
2026-06-14 09:52:06,maria,200.100.50.5,Brazil,success,login
2026-06-14 09:53:27,joao,200.100.50.13,Brazil,success,login
2026-06-14 09:59:43,maria,200.100.50.14,Brazil,success,login
2026-06-14 10:00:27,pedro,198.51.100.8,United States,success,login
2026-06-14 10:04:22,pedro,200.100.50.5,Brazil,success,login
2026-06-14 10:04:41,maria,200.100.50.7,Brazil,success,login
2026-06-14 10:08:07,carlos,198.51.100.9,United States,success,login
2026-06-14 10:08:20,pedro,200.100.50.13,Brazil,success,login
2026-06-14 10:12:12,maria,200.100.50.1,Brazil,success,login
2026-06-14 10:14:29,joao,200.100.50.16,Brazil,success,login
2026-06-14 10:44:54,ana,200.100.50.3,Brazil,success,login
2026-06-14 10:45:10,maria,200.100.50.16,Brazil,success,login
2026-06-14 10:52:59,ana,200.100.50.6,Brazil,success,login
2026-06-14 10:58:33,carlos,200.100.50.12,Brazil,success,login
2026-06-14 11:03:37,carlos,200.100.50.16,Brazil,failed,login
2026-06-14 11:06:34,pedro,200.100.50.15,Brazil,success,login
2026-06-14 11:07:13,joao,200.100.50.13,Brazil,success,login
2026-06-14 11:09:35,joao,200.100.50.13,Brazil,success,login
2026-06-14 11:14:55,maria,200.100.50.14,Brazil,success,login
2026-06-14 11:22:16,maria,200.100.50.5,Brazil,success,login
2026-06-14 11:22:49,carlos,200.100.50.3,Brazil,success,login
2026-06-14 11:23:15,pedro,200.100.50.4,Brazil,success,login
2026-06-14 11:26:29,joao,200.100.50.7,Brazil,success,login
2026-06-14 11:30:36,ana,200.100.50.1,Brazil,success,login
2026-06-14 11:36:26,ana,198.51.100.3,United States,success,login
2026-06-14 11:38:42,maria,200.100.50.19,Brazil,success,login
2026-06-14 11:40:25,pedro,203.0.113.4,Portugal,failed,login
2026-06-14 11:48:18,pedro,200.100.50.15,Brazil,success,login
2026-06-14 11:50:22,carlos,200.100.50.4,Brazil,success,login
2026-06-14 11:55:13,ana,200.100.50.6,Brazil,success,login
2026-06-14 11:59:00,joao,200.100.50.7,Brazil,success,login
2026-06-14 12:00:23,carlos,203.0.113.1,Portugal,success,login
2026-06-14 12:06:46,pedro,203.0.113.4,Portugal,success,login
2026-06-14 12:07:09,carlos,200.100.50.13,Brazil,success,login
2026-06-14 12:08:11,maria,200.100.50.13,Brazil,success,login
2026-06-14 12:09:15,ana,200.100.50.18,Brazil,success,login
2026-06-14 12:11:01,joao,200.100.50.9,Brazil,success,login
2026-06-14 12:11:25,pedro,200.100.50.3,Brazil,success,login
2026-06-14 12:12:17,pedro,198.51.100.8,United States,failed,login
2026-06-14 12:13:53,joao,200.100.50.1,Brazil,success,login
2026-06-14 12:14:06,ana,203.0.113.1,Portugal,success,login
2026-06-14 12:18:06,joao,200.100.50.9,Brazil,failed,login
2026-06-14 12:21:13,carlos,200.100.50.18,Brazil,success,login
2026-06-14 12:21:23,maria,203.0.113.3,Portugal,success,login
2026-06-14 12:23:32,ana,200.100.50.11,Brazil,success,login
2026-06-14 12:24:44,carlos,200.100.50.6,Brazil,success,login
2026-06-14 12:36:43,carlos,200.100.50.2,Brazil,success,login
2026-06-14 12:40:51,ana,200.100.50.8,Brazil,success,login
2026-06-14 12:40:57,maria,198.51.100.3,United States,success,login
2026-06-14 12:46:15,ana,200.100.50.13,Brazil,success,login
2026-06-14 12:46:55,ana,200.100.50.1,Brazil,success,login
2026-06-14 12:53:49,carlos,203.0.113.4,Portugal,success,login
2026-06-14 12:54:53,ana,200.100.50.16,Brazil,success,login
2026-06-14 13:00:41,pedro,200.100.50.18,Brazil,success,login
2026-06-14 13:13:23,ana,200.100.50.16,Brazil,failed,login
2026-06-14 13:14:45,carlos,203.0.113.3,Portugal,success,login
2026-06-14 13:17:41,pedro,200.100.50.11,Brazil,success,login
2026-06-14 13:17:51,pedro,200.100.50.17,Brazil,success,login
2026-06-14 13:20:59,pedro,200.100.50.12,Brazil,success,login
2026-06-14 13:27:26,joao,200.100.50.10,Brazil,success,login
2026-06-14 13:28:49,maria,200.100.50.14,Brazil,success,login
2026-06-14 13:30:11,maria,200.100.50.9,Brazil,success,login
2026-06-14 13:35:36,maria,200.100.50.14,Brazil,success,login
2026-06-14 13:39:32,maria,198.51.100.8,United States,success,login
2026-06-14 13:48:12,maria,198.51.100.6,United States,failed,login
2026-06-14 13:48:47,pedro,203.0.113.4,Portugal,success,login
2026-06-14 13:49:15,carlos,198.51.100.7,United States,success,login
2026-06-14 13:53:50,joao,200.100.50.18,Brazil,success,login
2026-06-14 13:56:24,maria,203.0.113.1,Portugal,success,login
2026-06-14 13:57:34,pedro,200.100.50.18,Brazil,success,login
2026-06-14 14:01:23,pedro,203.0.113.4,Portugal,success,login
2026-06-14 14:02:53,ana,200.100.50.9,Brazil,success,login
2026-06-14 14:03:21,pedro,198.51.100.3,United States,success,login
2026-06-14 14:08:30,carlos,200.100.50.15,Brazil,success,login
2026-06-14 14:13:26,pedro,200.100.50.3,Brazil,success,login
2026-06-14 14:18:57,pedro,200.100.50.10,Brazil,success,login
2026-06-14 14:40:22,pedro,200.100.50.11,Brazil,success,login
2026-06-14 14:40:36,ana,200.100.50.17,Brazil,success,login
2026-06-14 14:42:44,joao,200.100.50.5,Brazil,success,login
2026-06-14 14:48:24,carlos,198.51.100.4,United States,success,login
2026-06-14 14:52:14,pedro,200.100.50.7,Brazil,success,login
2026-06-14 14:56:20,carlos,200.100.50.10,Brazil,success,login
2026-06-14 15:05:33,pedro,200.100.50.7,Brazil,success,login
2026-06-14 15:11:23,pedro,203.0.113.3,Portugal,success,login
2026-06-14 15:14:27,carlos,200.100.50.9,Brazil,failed,login
2026-06-14 15:18:38,pedro,200.100.50.15,Brazil,success,login
2026-06-14 15:26:10,joao,200.100.50.8,Brazil,success,login
2026-06-14 15:27:06,carlos,200.100.50.14,Brazil,success,login
2026-06-14 15:32:10,maria,203.0.113.1,Portugal,success,login
2026-06-14 15:42:18,maria,203.0.113.3,Portugal,success,login
2026-06-14 15:42:57,pedro,200.100.50.13,Brazil,success,login
2026-06-14 15:43:06,carlos,200.100.50.17,Brazil,success,login
2026-06-14 15:53:50,ana,203.0.113.3,Portugal,failed,login
2026-06-14 15:57:56,carlos,200.100.50.7,Brazil,success,login
2026-06-14 16:04:21,ana,200.100.50.15,Brazil,success,login
2026-06-14 16:07:39,joao,200.100.50.10,Brazil,success,login
2026-06-14 16:08:30,ana,200.100.50.12,Brazil,success,login
2026-06-14 16:14:13,maria,200.100.50.2,Brazil,success,login
2026-06-14 16:15:30,carlos,198.51.100.9,United States,success,login
2026-06-14 16:18:43,joao,200.100.50.3,Brazil,success,login
2026-06-14 16:21:35,pedro,198.51.100.4,United States,success,login
2026-06-14 16:22:04,pedro,198.51.100.6,United States,success,login
2026-06-14 16:24:41,maria,198.51.100.1,United States,success,login
2026-06-14 16:29:07,joao,200.100.50.11,Brazil,success,login
2026-06-15 00:10:46,carlos,203.0.113.8,Portugal,success,login
2026-06-15 05:48:41,ana,200.100.50.5,Brazil,success,login
2026-06-15 05:50:28,carlos,203.0.113.2,Portugal,success,login
2026-06-15 05:52:10,pedro,198.51.100.3,United States,success,login
2026-06-15 05:53:00,carlos,200.100.50.2,Brazil,success,login
2026-06-15 05:55:14,joao,200.100.50.14,Brazil,success,login
2026-06-15 05:55:52,carlos,200.100.50.2,Brazil,success,login
2026-06-15 05:59:24,carlos,203.0.113.1,Portugal,success,login
2026-06-15 06:06:37,maria,203.0.113.4,Portugal,success,login
2026-06-15 06:08:09,ana,200.100.50.3,Brazil,success,login
2026-06-15 06:08:55,carlos,200.100.50.12,Brazil,success,login
2026-06-15 06:12:52,carlos,200.100.50.2,Brazil,success,login
2026-06-15 06:16:41,pedro,198.51.100.4,United States,success,login
2026-06-15 06:28:35,carlos,203.0.113.4,Portugal,success,login
2026-06-15 06:35:53,maria,200.100.50.12,Brazil,success,login
2026-06-15 06:39:30,maria,200.100.50.6,Brazil,success,login
2026-06-15 06:49:36,carlos,200.100.50.3,Brazil,success,login
2026-06-15 06:49:38,ana,203.0.113.4,Portugal,success,login
2026-06-15 06:56:41,pedro,200.100.50.14,Brazil,failed,login
2026-06-15 06:57:07,joao,200.100.50.16,Brazil,success,login
2026-06-15 07:01:22,pedro,200.100.50.18,Brazil,success,login
2026-06-15 07:02:07,maria,200.100.50.11,Brazil,success,login
2026-06-15 07:04:35,joao,200.100.50.10,Brazil,failed,login
2026-06-15 07:06:20,pedro,200.100.50.6,Brazil,success,login
2026-06-15 07:08:52,ana,198.51.100.7,United States,success,login
2026-06-15 07:18:39,ana,200.100.50.10,Brazil,success,login
2026-06-15 07:21:20,ana,200.100.50.16,Brazil,success,login
2026-06-15 07:26:13,pedro,200.100.50.16,Brazil,success,login
2026-06-15 07:28:51,joao,200.100.50.16,Brazil,success,login
2026-06-15 07:30:50,maria,200.100.50.5,Brazil,success,login
2026-06-15 07:34:29,maria,200.100.50.15,Brazil,success,login
2026-06-15 07:42:59,carlos,200.100.50.9,Brazil,success,login
2026-06-15 07:45:15,carlos,200.100.50.15,Brazil,success,login
2026-06-15 07:47:36,pedro,200.100.50.16,Brazil,success,login
2026-06-15 07:53:54,pedro,200.100.50.4,Brazil,success,login
2026-06-15 08:16:31,pedro,203.0.113.2,Portugal,success,login
2026-06-15 08:16:33,maria,200.100.50.13,Brazil,success,login
2026-06-15 08:17:19,ana,200.100.50.18,Brazil,success,login
2026-06-15 08:19:38,carlos,200.100.50.3,Brazil,success,login
2026-06-15 08:27:53,carlos,200.100.50.9,Brazil,success,login
2026-06-15 08:36:01,carlos,200.100.50.16,Brazil,success,login
2026-06-15 08:37:47,pedro,200.100.50.16,Brazil,success,login
2026-06-15 08:44:37,joao,200.100.50.19,Brazil,success,login
2026-06-15 08:51:06,pedro,200.100.50.9,Brazil,success,login
2026-06-15 08:57:43,pedro,198.51.100.3,United States,success,login
2026-06-15 08:59:36,joao,200.100.50.6,Brazil,success,login
2026-06-15 09:11:50,carlos,200.100.50.10,Brazil,success,login
2026-06-15 09:13:03,pedro,203.0.113.1,Portugal,success,login
2026-06-15 09:15:24,ana,200.100.50.13,Brazil,success,login
2026-06-15 09:16:27,carlos,198.51.100.7,United States,success,login
2026-06-15 09:19:39,pedro,200.100.50.16,Brazil,success,login
2026-06-15 09:29:58,joao,200.100.50.4,Brazil,success,login
2026-06-15 09:36:58,joao,200.100.50.19,Brazil,success,login
2026-06-15 09:41:36,maria,200.100.50.13,Brazil,success,login
2026-06-15 09:43:36,joao,200.100.50.9,Brazil,success,login
2026-06-15 09:45:01,ana,200.100.50.15,Brazil,success,login
2026-06-15 09:47:54,joao,200.100.50.15,Brazil,success,login
2026-06-15 09:49:15,joao,200.100.50.17,Brazil,success,login
2026-06-15 09:51:04,maria,200.100.50.3,Brazil,success,login
2026-06-15 09:54:37,joao,200.100.50.11,Brazil,success,login
2026-06-15 09:56:28,maria,200.100.50.15,Brazil,success,login
2026-06-15 09:59:24,pedro,200.100.50.6,Brazil,success,login
2026-06-15 10:03:05,joao,200.100.50.14,Brazil,success,login
2026-06-15 10:10:37,carlos,198.51.100.1,United States,success,login
2026-06-15 10:14:53,carlos,200.100.50.12,Brazil,success,login
2026-06-15 10:16:04,maria,200.100.50.3,Brazil,success,login
2026-06-15 10:22:01,carlos,200.100.50.3,Brazil,success,login
2026-06-15 10:23:25,carlos,198.51.100.2,United States,success,login
2026-06-15 10:24:10,ana,200.100.50.14,Brazil,success,login
2026-06-15 10:26:42,joao,200.100.50.13,Brazil,success,login
2026-06-15 10:31:34,joao,200.100.50.13,Brazil,success,login
2026-06-15 10:36:11,carlos,200.100.50.6,Brazil,success,login
2026-06-15 10:39:28,pedro,200.100.50.4,Brazil,success,login
2026-06-15 10:41:26,pedro,200.100.50.18,Brazil,success,login
2026-06-15 10:50:23,pedro,198.51.100.1,United States,success,login
2026-06-15 11:05:46,maria,200.100.50.3,Brazil,failed,login
2026-06-15 11:07:41,maria,200.100.50.6,Brazil,success,login
2026-06-15 11:08:05,ana,200.100.50.9,Brazil,success,login
2026-06-15 11:08:37,ana,203.0.113.1,Portugal,success,login
2026-06-15 11:14:15,carlos,203.0.113.4,Portugal,success,login
2026-06-15 11:14:33,ana,200.100.50.19,Brazil,success,login
2026-06-15 11:20:14,carlos,200.100.50.9,Brazil,success,login
2026-06-15 11:31:57,maria,200.100.50.14,Brazil,success,login
2026-06-15 11:37:33,joao,200.100.50.12,Brazil,success,login
2026-06-15 11:37:34,joao,200.100.50.4,Brazil,success,login
2026-06-15 11:43:19,carlos,200.100.50.18,Brazil,success,login
2026-06-15 11:47:20,joao,200.100.50.10,Brazil,failed,login
2026-06-15 11:51:04,maria,203.0.113.4,Portugal,success,login
2026-06-15 11:52:28,joao,200.100.50.13,Brazil,success,login
2026-06-15 11:54:20,carlos,200.100.50.16,Brazil,success,login
2026-06-15 11:55:57,joao,200.100.50.19,Brazil,success,login
2026-06-15 11:56:38,ana,200.100.50.16,Brazil,success,login
2026-06-15 11:57:57,carlos,198.51.100.7,United States,success,login
2026-06-15 12:03:04,joao,200.100.50.17,Brazil,success,login
2026-06-15 12:11:51,maria,200.100.50.1,Brazil,success,login
2026-06-15 12:20:07,ana,198.51.100.1,United States,success,login
2026-06-15 12:20:21,maria,200.100.50.12,Brazil,success,login
2026-06-15 12:27:44,ana,200.100.50.5,Brazil,success,login
2026-06-15 12:27:52,pedro,203.0.113.3,Portugal,success,login
2026-06-15 12:40:07,joao,200.100.50.3,Brazil,success,login
2026-06-15 12:41:19,carlos,203.0.113.4,Portugal,success,login
2026-06-15 12:42:43,joao,200.100.50.15,Brazil,success,login
2026-06-15 12:50:16,ana,198.51.100.4,United States,success,login
2026-06-15 12:53:28,maria,203.0.113.4,Portugal,success,login
2026-06-15 13:07:01,ana,200.100.50.10,Brazil,success,login
2026-06-15 13:11:28,joao,200.100.50.12,Brazil,success,login
2026-06-15 13:21:48,ana,200.100.50.16,Brazil,success,login
2026-06-15 13:22:22,carlos,200.100.50.6,Brazil,success,login
2026-06-15 13:25:13,joao,200.100.50.11,Brazil,success,login
2026-06-15 13:28:04,joao,200.100.50.18,Brazil,success,login
2026-06-15 13:31:10,joao,200.100.50.7,Brazil,success,login
2026-06-15 13:43:02,maria,203.0.113.1,Portugal,success,login
2026-06-15 13:50:39,carlos,198.51.100.6,United States,success,login
2026-06-15 13:57:20,ana,200.100.50.19,Brazil,success,login
2026-06-15 14:00:06,joao,200.100.50.1,Brazil,failed,login
2026-06-15 14:00:21,maria,200.100.50.2,Brazil,success,login
2026-06-15 14:04:30,pedro,198.51.100.2,United States,success,login
2026-06-15 14:05:02,maria,198.51.100.7,United States,success,login
2026-06-15 14:22:46,ana,198.51.100.8,United States,success,login
2026-06-15 14:29:52,pedro,198.51.100.2,United States,success,login
2026-06-15 14:32:41,pedro,203.0.113.2,Portugal,success,login
2026-06-15 14:33:46,carlos,200.100.50.17,Brazil,success,login
2026-06-15 14:34:35,pedro,198.51.100.5,United States,success,login
2026-06-15 14:35:01,joao,200.100.50.10,Brazil,success,login
2026-06-15 14:42:38,ana,203.0.113.3,Portugal,success,login
2026-06-15 14:44:15,joao,200.100.50.9,Brazil,success,login
2026-06-15 14:45:48,carlos,200.100.50.13,Brazil,success,login
2026-06-15 14:49:05,carlos,200.100.50.16,Brazil,success,login
2026-06-15 14:50:36,ana,203.0.113.1,Portugal,success,login
2026-06-15 14:55:57,maria,200.100.50.4,Brazil,success,login
2026-06-15 15:03:19,joao,200.100.50.8,Brazil,success,login
2026-06-15 15:04:47,ana,198.51.100.4,United States,success,login
2026-06-15 15:05:19,carlos,203.0.113.1,Portugal,success,login
2026-06-15 15:09:33,maria,200.100.50.6,Brazil,success,login
2026-06-15 15:12:34,ana,200.100.50.6,Brazil,success,login
2026-06-15 15:18:05,joao,200.100.50.19,Brazil,success,login
2026-06-15 15:28:49,pedro,198.51.100.3,United States,success,login
2026-06-15 15:30:36,ana,200.100.50.14,Brazil,success,login
2026-06-15 15:37:43,maria,203.0.113.1,Portugal,success,login
2026-06-15 15:44:02,maria,200.100.50.6,Brazil,success,login
2026-06-15 15:58:38,ana,200.100.50.8,Brazil,success,login
2026-06-15 16:01:54,ana,200.100.50.8,Brazil,success,login
2026-06-15 16:02:12,carlos,200.100.50.14,Brazil,success,login
2026-06-15 16:03:10,joao,200.100.50.6,Brazil,success,login
2026-06-15 16:12:50,maria,203.0.113.4,Portugal,success,login
2026-06-15 16:16:53,joao,200.100.50.18,Brazil,success,login
2026-06-15 16:19:39,carlos,203.0.113.1,Portugal,success,login
2026-06-15 16:20:41,pedro,203.0.113.3,Portugal,success,login
2026-06-16 05:33:06,pedro,200.100.50.10,Brazil,success,login
2026-06-16 05:37:26,joao,200.100.50.15,Brazil,failed,login
2026-06-16 05:43:19,joao,200.100.50.17,Brazil,success,login
2026-06-16 05:51:01,maria,200.100.50.14,Brazil,success,login
2026-06-16 05:56:02,pedro,200.100.50.7,Brazil,success,login
2026-06-16 06:04:45,ana,198.51.100.4,United States,success,login
2026-06-16 06:11:03,pedro,200.100.50.16,Brazil,success,login
2026-06-16 06:12:02,pedro,200.100.50.2,Brazil,success,login
2026-06-16 06:13:00,joao,200.100.50.10,Brazil,success,login
2026-06-16 06:13:01,carlos,198.51.100.3,United States,success,login
2026-06-16 06:24:11,maria,200.100.50.6,Brazil,success,login
2026-06-16 06:25:42,carlos,198.51.100.7,United States,success,login
2026-06-16 06:28:06,pedro,198.51.100.4,United States,failed,login
2026-06-16 06:44:20,ana,203.0.113.4,Portugal,success,login
2026-06-16 06:48:53,carlos,200.100.50.16,Brazil,success,login
2026-06-16 07:00:14,maria,198.51.100.8,United States,success,login
2026-06-16 07:05:32,pedro,200.100.50.2,Brazil,success,login
2026-06-16 07:06:04,ana,203.0.113.3,Portugal,success,login
2026-06-16 07:11:13,joao,200.100.50.9,Brazil,failed,login
2026-06-16 07:19:13,ana,198.51.100.2,United States,success,login
2026-06-16 07:21:04,carlos,198.51.100.6,United States,success,login
2026-06-16 07:31:08,joao,200.100.50.8,Brazil,success,login
2026-06-16 07:34:19,carlos,200.100.50.16,Brazil,success,login
2026-06-16 07:43:07,joao,200.100.50.11,Brazil,success,login
2026-06-16 07:47:44,pedro,200.100.50.10,Brazil,success,login
2026-06-16 07:55:35,pedro,200.100.50.5,Brazil,success,login
2026-06-16 07:58:44,carlos,200.100.50.19,Brazil,success,login
2026-06-16 07:59:04,carlos,200.100.50.18,Brazil,success,login
2026-06-16 08:01:54,joao,200.100.50.14,Brazil,success,login
2026-06-16 08:05:02,maria,200.100.50.4,Brazil,success,login
2026-06-16 08:08:53,ana,200.100.50.11,Brazil,success,login
2026-06-16 08:10:56,joao,200.100.50.14,Brazil,success,login
2026-06-16 08:18:11,maria,198.51.100.5,United States,success,login
2026-06-16 08:19:32,pedro,200.100.50.4,Brazil,success,login
2026-06-16 08:19:53,carlos,198.51.100.6,United States,success,login
2026-06-16 08:29:44,maria,200.100.50.1,Brazil,success,login
2026-06-16 08:37:58,carlos,200.100.50.8,Brazil,success,login
2026-06-16 08:38:40,pedro,200.100.50.3,Brazil,success,login
2026-06-16 08:42:53,carlos,200.100.50.7,Brazil,success,login
2026-06-16 08:57:26,joao,200.100.50.15,Brazil,success,login
2026-06-16 08:57:30,ana,200.100.50.12,Brazil,success,login
2026-06-16 09:00:59,carlos,200.100.50.10,Brazil,success,login
2026-06-16 09:06:13,pedro,200.100.50.7,Brazil,success,login
2026-06-16 09:07:39,carlos,200.100.50.18,Brazil,success,login
2026-06-16 09:07:40,joao,200.100.50.13,Brazil,success,login
2026-06-16 09:13:26,joao,200.100.50.7,Brazil,success,login
2026-06-16 09:14:06,carlos,200.100.50.8,Brazil,success,login
2026-06-16 09:27:49,carlos,198.51.100.7,United States,success,login
2026-06-16 09:36:11,ana,203.0.113.1,Portugal,success,login
2026-06-16 09:56:58,carlos,200.100.50.6,Brazil,success,login
2026-06-16 09:59:09,joao,200.100.50.9,Brazil,success,login
2026-06-16 10:00:01,maria,200.100.50.15,Brazil,success,login
2026-06-16 10:01:57,carlos,198.51.100.5,United States,success,login
2026-06-16 10:04:46,ana,200.100.50.14,Brazil,success,login
2026-06-16 10:07:03,pedro,198.51.100.2,United States,success,login
2026-06-16 10:11:59,carlos,198.51.100.7,United States,success,login
2026-06-16 10:14:19,ana,198.51.100.7,United States,success,login
2026-06-16 10:14:42,maria,203.0.113.3,Portugal,success,login
2026-06-16 10:19:10,pedro,200.100.50.18,Brazil,success,login
2026-06-16 10:23:10,maria,200.100.50.4,Brazil,success,login
2026-06-16 10:27:14,ana,200.100.50.19,Brazil,success,login
2026-06-16 10:27:20,carlos,198.51.100.5,United States,success,login
2026-06-16 10:32:17,ana,200.100.50.6,Brazil,success,login
2026-06-16 10:33:00,ana,200.100.50.8,Brazil,success,login
2026-06-16 10:45:33,maria,200.100.50.14,Brazil,success,login
2026-06-16 10:55:03,maria,200.100.50.12,Brazil,success,login
2026-06-16 11:00:30,ana,200.100.50.11,Brazil,success,login
2026-06-16 11:19:55,maria,198.51.100.1,United States,success,login
2026-06-16 11:33:59,ana,200.100.50.13,Brazil,success,login
2026-06-16 11:39:35,carlos,198.51.100.1,United States,success,login
2026-06-16 11:40:57,ana,200.100.50.5,Brazil,success,login
2026-06-16 11:44:13,carlos,200.100.50.16,Brazil,success,login
2026-06-16 11:46:18,carlos,203.0.113.3,Portugal,success,login
2026-06-16 11:47:59,ana,198.51.100.2,United States,success,login
2026-06-16 11:55:12,joao,200.100.50.11,Brazil,success,login
2026-06-16 11:55:28,ana,203.0.113.2,Portugal,success,login
2026-06-16 12:03:13,joao,200.100.50.5,Brazil,success,login
2026-06-16 12:11:52,maria,200.100.50.14,Brazil,success,login
2026-06-16 12:21:07,carlos,198.51.100.1,United States,success,login
2026-06-16 12:23:31,joao,200.100.50.4,Brazil,success,login
2026-06-16 12:24:54,carlos,200.100.50.2,Brazil,success,login
2026-06-16 12:27:05,ana,200.100.50.15,Brazil,success,login
2026-06-16 12:33:32,pedro,200.100.50.14,Brazil,success,login
2026-06-16 12:37:37,joao,200.100.50.11,Brazil,success,login
2026-06-16 12:37:52,pedro,203.0.113.2,Portugal,failed,login
2026-06-16 12:38:58,joao,200.100.50.13,Brazil,success,login
2026-06-16 12:42:17,pedro,203.0.113.1,Portugal,success,login
2026-06-16 12:46:37,pedro,203.0.113.4,Portugal,success,login
2026-06-16 12:46:48,carlos,203.0.113.2,Portugal,success,login
2026-06-16 12:47:08,joao,200.100.50.3,Brazil,success,login
2026-06-16 12:47:59,joao,200.100.50.6,Brazil,success,login
2026-06-16 12:49:46,ana,200.100.50.10,Brazil,success,login
2026-06-16 12:51:45,pedro,200.100.50.1,Brazil,success,login
2026-06-16 12:52:21,maria,198.51.100.8,United States,success,login
2026-06-16 13:03:44,carlos,198.51.100.3,United States,success,login
2026-06-16 13:10:04,maria,203.0.113.4,Portugal,success,login
2026-06-16 13:10:40,maria,200.100.50.15,Brazil,success,login
2026-06-16 13:19:20,carlos,203.0.113.2,Portugal,success,login
2026-06-16 13:20:00,pedro,200.100.50.10,Brazil,success,login
2026-06-16 13:21:34,maria,200.100.50.5,Brazil,success,login
2026-06-16 13:31:30,carlos,200.100.50.8,Brazil,success,login
2026-06-16 13:32:10,carlos,200.100.50.2,Brazil,success,login
2026-06-16 13:33:47,ana,200.100.50.17,Brazil,success,login
2026-06-16 13:43:43,carlos,200.100.50.12,Brazil,success,login
2026-06-16 13:52:50,carlos,203.0.113.3,Portugal,success,login
2026-06-16 13:53:11,joao,200.100.50.6,Brazil,success,login
2026-06-16 13:54:25,maria,200.100.50.15,Brazil,success,login
2026-06-16 13:55:19,joao,200.100.50.2,Brazil,success,login
2026-06-16 13:56:08,maria,200.100.50.16,Brazil,success,login
2026-06-16 13:57:53,carlos,200.100.50.8,Brazil,success,login
2026-06-16 14:00:44,pedro,200.100.50.19,Brazil,success,login
2026-06-16 14:01:01,maria,200.100.50.10,Brazil,success,login
2026-06-16 14:06:45,pedro,200.100.50.12,Brazil,failed,login
2026-06-16 14:10:47,joao,200.100.50.19,Brazil,success,login
2026-06-16 14:13:39,joao,200.100.50.12,Brazil,success,login
2026-06-16 14:17:06,carlos,200.100.50.10,Brazil,success,login
2026-06-16 14:18:32,maria,200.100.50.6,Brazil,success,login
2026-06-16 14:20:20,joao,200.100.50.17,Brazil,failed,login
2026-06-16 14:30:13,joao,200.100.50.19,Brazil,success,login
2026-06-16 14:30:44,carlos,203.0.113.4,Portugal,success,login
2026-06-16 14:32:59,pedro,200.100.50.5,Brazil,success,login
2026-06-16 14:33:34,pedro,200.100.50.16,Brazil,success,login
2026-06-16 14:33:55,pedro,203.0.113.1,Portugal,success,login
2026-06-16 14:37:37,joao,200.100.50.18,Brazil,success,login
2026-06-16 14:38:11,pedro,200.100.50.1,Brazil,success,login
2026-06-16 14:38:51,ana,203.0.113.4,Portugal,success,login
2026-06-16 14:40:06,pedro,203.0.113.3,Portugal,success,login
2026-06-16 14:48:52,carlos,200.100.50.10,Brazil,success,login
2026-06-16 14:53:08,carlos,200.100.50.8,Brazil,success,login
2026-06-16 15:12:43,pedro,200.100.50.17,Brazil,success,login
2026-06-16 15:16:22,joao,200.100.50.7,Brazil,success,login
2026-06-16 15:29:55,maria,200.100.50.1,Brazil,success,login
2026-06-16 15:32:57,carlos,200.100.50.1,Brazil,success,login
2026-06-16 15:37:29,pedro,200.100.50.8,Brazil,success,login
2026-06-16 15:42:24,maria,200.100.50.8,Brazil,success,login
2026-06-16 15:45:12,joao,200.100.50.11,Brazil,success,login
2026-06-16 15:50:00,maria,200.100.50.5,Brazil,failed,login
2026-06-16 15:52:37,carlos,200.100.50.3,Brazil,success,login
2026-06-16 16:05:26,maria,200.100.50.12,Brazil,success,login
2026-06-16 16:07:57,carlos,200.100.50.14,Brazil,success,login
2026-06-16 16:08:28,pedro,200.100.50.14,Brazil,success,login
2026-06-16 16:11:20,joao,200.100.50.19,Brazil,success,login
2026-06-16 16:12:31,pedro,200.100.50.16,Brazil,success,login
2026-06-16 16:12:42,joao,200.100.50.18,Brazil,success,login
2026-06-16 16:15:00,maria,200.100.50.14,Brazil,success,login
2026-06-16 16:19:08,carlos,200.100.50.7,Brazil,failed,login
2026-06-16 16:21:07,ana,200.100.50.17,Brazil,success,login
2026-06-16 16:25:27,joao,200.100.50.2,Brazil,success,login
